id,name,neighborhood,cuisine,address,zip,price_range,lat,lng,source
1,Harvest,Harvard Square,Contemporary American,"44 Brattle St, Cambridge, MA 02138",02138,$$$$,42.3741,-71.1207,
2,Alden & Harlow,Harvard Square,Contemporary American,"40 Brattle St, Cambridge, MA 02138",02138,$$$,42.3737,-71.1199,
3,Bar Enza,Harvard Square,Italian,"1 Bennett St (The Charles Hotel), Cambridge, MA 02138",02138,$$$,42.3721,-71.1222,
4,Cafe Sushi,Harvard Square,Japanese / Sushi,"1105 Massachusetts Ave, Cambridge, MA 02138",02138,$$$,42.3709,-71.1137,
5,Mr. Bartley's Burger Cottage,Harvard Square,Burgers,"1246 Massachusetts Ave, Cambridge, MA 02138",02138,$$,42.3726,-71.1157,
6,The Hourly Oyster House,Harvard Square,Seafood,"15 Dunster St, Cambridge, MA 02138",02138,$$$,42.3729,-71.1183,
7,Felipe's Taqueria,Harvard Square,Mexican,"83 Mount Auburn St, Cambridge, MA 02138",02138,$,42.3722,-71.1172,
8,Pinocchio's Pizza & Subs,Harvard Square,Pizza,"74 Winthrop St, Cambridge, MA 02138",02138,$,42.3716,-71.1192,
9,Russell House Tavern,Harvard Square,American / Gastropub,"14 John F Kennedy St, Cambridge, MA 02138",02138,$$$,42.3732,-71.1194,
10,Grendel's Den,Harvard Square,Pub,"89 Winthrop St, Cambridge, MA 02138",02138,$$,42.3712,-71.1203,
11,The Helmand,East Cambridge,Afghan,"143 First St, Cambridge, MA 02142",02142,$$$,42.3681,-71.0786,
12,Oleana,Inman Square,Mediterranean,"134 Hampshire St, Cambridge, MA 02139",02139,$$$$,42.3711,-71.099,
13,Puritan & Company,Inman Square,Contemporary American,"1166 Cambridge St, Cambridge, MA 02139",02139,$$$,42.374,-71.1006,
14,Puritan Oyster Bar,Inman Square,Seafood,"1166 Cambridge St, Cambridge, MA 02139",02139,$$$,42.3743,-71.0999,
15,Punjabi Dhaba,Inman Square,Indian,"225 Hampshire St, Cambridge, MA 02139",02139,$,42.3727,-71.1018,
16,Ole Mexican Grill,Inman Square,Mexican,"11 Springfield St, Cambridge, MA 02139",02139,$$,42.3733,-71.1028,
17,Bisq,Inman Square,Small plates / Wine bar,"1071 Cambridge St, Cambridge, MA 02139",02139,$$$,42.3733,-71.0972,
18,Giulia,Porter Square,Italian,"1682 Massachusetts Ave, Cambridge, MA 02138",02138,$$$$,42.3802,-71.1196,
19,Moeca,Inman Square,Seafood / Italian,"1336 Cambridge St, Cambridge, MA 02139",02139,$$$$,42.3748,-71.1045,
20,Sofra Bakery & Cafe,West Cambridge,Middle Eastern bakery,"1 Belmont St, Cambridge, MA 02138",02138,$$,42.3786,-71.1388,
21,Pagu,Central Square,Japanese / Spanish,"310 Massachusetts Ave, Cambridge, MA 02139",02139,$$$,42.3614,-71.0982,
22,Darling,Central Square,Chinese / Dim sum,"464 Massachusetts Ave, Cambridge, MA 02139",02139,$$$,42.3637,-71.1012,
23,Mamaleh's Delicatessen,Kendall Square,Jewish deli,"15 Hampshire St, Cambridge, MA 02139",02139,$$,42.364,-71.0935,
24,Life Alive,Central Square,Vegetarian,"765 Massachusetts Ave, Cambridge, MA 02139",02139,$$,42.3668,-71.1064,
25,Shalimar of India,Central Square,Indian,"546 Massachusetts Ave, Cambridge, MA 02139",02139,$$,42.3651,-71.103,
26,Brookline Lunch,Central Square,Breakfast / Middle Eastern,"9 Brookline St, Cambridge, MA 02139",02139,$,42.3638,-71.1037,
27,Yume Wo Katare,Porter Square,Ramen,"1923 Massachusetts Ave, Cambridge, MA 02140",02140,$$,42.3893,-71.1196,
28,Roxy's Grilled Cheese & Burgers,Central Square,Burgers / Sandwiches,"485 Massachusetts Ave, Cambridge, MA 02139",02139,$,42.3643,-71.1018,
29,The Mad Monkfish,Central Square,Sushi / Asian fusion,"524 Massachusetts Ave, Cambridge, MA 02139",02139,$$$,42.3648,-71.1026,
30,Pammy's,Mid-Cambridge,Italian,"928 Massachusetts Ave, Cambridge, MA 02139",02139,$$$$,42.3693,-71.11,
31,Area Four,Kendall Square,Pizza,"500 Technology Square, Cambridge, MA 02139",02139,$$,42.363,-71.0918,
32,Alice & Monarch,Kendall Square,Mediterranean-Italian / Cocktail & dessert lounge,"238 Main St, Cambridge, MA 02142",02142,$$$,42.3624,-71.0855,
33,Fallow Kin,Central Square,Farm-to-table American,"853 Main St, Cambridge, MA 02139",02139,$$$,42.3628,-71.0995,
34,Geppetto,East Cambridge,Italian,"100 Binney St, Cambridge, MA 02142",02142,$$$$,42.3664,-71.0838,
35,State Park,Kendall Square,Bar food / American,"1 Kendall Square, Cambridge, MA 02139",02139,$$,42.3666,-71.0905,
36,Judy's Bay,The Port,Japanese izakaya,"279 Broadway, Cambridge, MA 02139",02139,$$$,42.3667,-71.0965,
37,Alive & Kicking Lobsters,Cambridgeport,Seafood / Lobster rolls,"269 Putnam Ave, Cambridge, MA 02139",02139,$$,42.3598,-71.1082,
38,New Deal Fish Market,East Cambridge,Seafood / Sushi,"622 Cambridge St, Cambridge, MA 02141",02141,$$,42.3718,-71.087,
39,The Coast Cafe,Riverside,Southern / Soul food,"233 River St, Cambridge, MA 02139",02139,$$,42.3628,-71.1112,
40,The Friendly Toast,Kendall Square,Breakfast / American,"1 Kendall Square, Cambridge, MA 02139",02139,$$,42.3662,-71.091,
41,Muqueca,Inman Square,Brazilian,"1008 Cambridge St, Cambridge, MA 02141",02141,$$,42.3727,-71.0955,
42,Midwest Grill,Inman Square,Brazilian churrascaria,"1124 Cambridge St, Cambridge, MA 02139",02139,$$$,42.3737,-71.099,
43,Shy Bird,Kendall Square,Rotisserie / Cafe,"390 Third St, Cambridge, MA 02142",02142,$$,42.3644,-71.0812,
44,Café Luna,Kendall Square,Brunch / American,"350 Third St, Cambridge, MA 02142",02142,$$,42.3633,-71.0818,
45,Eventide Fenway,Fenway,Seafood / Oyster Bar,"1321 Boylston St, Boston, MA 02215",02215,$$,42.3449,-71.0981,https://www.theinfatuation.com/boston/guides/where-to-eat-and-drink-in-fenwaykenmore-square
46,Hojoko,Fenway,Japanese / Izakaya,"1271 Boylston St, Boston, MA 02215",02215,$$$,42.3462,-71.0948,https://www.hojokoboston.com/
47,Basho Japanese Brasserie,Fenway,Japanese / Sushi,"1338 Boylston St, Boston, MA 02215",02215,$$$,42.3443,-71.0986,https://www.theinfatuation.com/boston/guides/where-to-eat-and-drink-in-fenwaykenmore-square
48,The Citizen Public House,Fenway,Gastropub,"1310 Boylston St, Boston, MA 02215",02215,$$$,42.3446,-71.0974,https://www.bostonmagazine.com/restaurants/best-restaurants-fenway-neighborhood/
49,Mida Fenway,Fenway,Italian,"1391 Boylston St, Boston, MA 02215",02215,$$$,42.3442,-71.1005,https://www.bostonmagazine.com/restaurants/best-restaurants-fenway-neighborhood/
50,Joe's Pizza,Fenway,Pizza,"1359 Boylston St, Boston, MA 02215",02215,$,42.3446,-71.0993,https://www.joespizzanyc.com/locations
51,Naya,Fenway,Lebanese / Fast casual,"1375 Boylston St, Boston, MA 02215",02215,$,42.3444,-71.0999,https://www.boston.com/food/food-news/2026/06/25/best-restaurant-openings-june-25-2026/
52,KChickin,Fenway,Korean fried chicken / Sushi,"86 Peterborough St, Boston, MA 02215",02215,$$,42.3428,-71.0985,https://www.kchickin.com/
53,Wow Tikka,Fenway,Indian / Fast casual,"84 Peterborough St, Boston, MA 02215",02215,$,42.3428,-71.0983,https://www.bostonmagazine.com/restaurants/best-restaurants-fenway-neighborhood/
54,Spring Shanghai Pan-Fried Buns,Fenway,Chinese / Dumplings,"90 Peterborough St, Boston, MA 02215",02215,$,42.3427,-71.0989,https://www.bostonmagazine.com/restaurants/best-restaurants-fenway-neighborhood/
55,Rod Thai Family Taste,Fenway,Thai,"94 Peterborough St, Boston, MA 02215",02215,$,42.3427,-71.0992,https://www.bostonmagazine.com/restaurants/best-restaurants-fenway-neighborhood/
56,Fenway Grill & Bar,Fenway,Mediterranean / Turkish,"100 Peterborough St, Boston, MA 02215",02215,$$,42.3426,-71.0996,https://www.nbcboston.com/entertainment/food-drink-nightlife/new-restaurant-opens-in-bostons-fenway-neighborhood/3926256/
57,Loco Taqueria & Oyster Bar,Fenway,Mexican / Seafood,"61 Brookline Ave, Boston, MA 02215",02215,$$,42.3471,-71.0985,https://www.bostonchefs.com/restaurant/loco-taqueria-oyster-bar-fenway/
58,Shy Bird Fenway,Fenway,Rotisserie / American,"201 Brookline Ave, Boston, MA 02215",02215,$$,42.344,-71.101,https://opentable.com/r/shy-bird-fenway-boston
59,Saloniki,Fenway,Greek,"4 Kilmarnock St, Boston, MA 02215",02215,$,42.3436,-71.0976,https://www.bostonmagazine.com/restaurants/best-restaurants-fenway-neighborhood/
60,Sufra Mediterranean,Fenway,Mediterranean / Halal,"52 Queensberry St, Boston, MA 02215",02215,$,42.3427,-71.0973,https://www.bostonmagazine.com/restaurants/best-restaurants-fenway-neighborhood/
61,Tasty Burger,Fenway,Burgers / American,"86 Van Ness St, Boston, MA 02215",02215,$,42.345,-71.0962,https://www.timeout.com/boston/restaurants/tasty-burger
62,Bleacher Bar,Fenway,American / Sports bar,"82A Lansdowne St, Boston, MA 02215",02215,$$,42.347,-71.0965,https://www.bleacherbarboston.com/
63,India Quality,Fenway,Indian,"484 Commonwealth Ave, Boston, MA 02215",02215,$$,42.3487,-71.0951,https://www.indiaquality.com/
64,Don't Tell Aunty,Fenway,Indian / Gastropub,"1080 Boylston St, Boston, MA 02115",02115,$$$,42.347,-71.088,https://www.donttellaunty.com/
65,Saltie Girl,Back Bay,Seafood,"279 Dartmouth St, Boston, MA 02116",02116,$$$,42.35,-71.0777,https://www.saltiegirl.com/
66,Parish Cafe & Bar,Back Bay,American / Sandwiches,"361 Boylston St, Boston, MA 02116",02116,$$,42.3518,-71.0718,https://toast.app/r/parish-cafe-361-boylston-street
67,Trident Booksellers & Cafe,Back Bay,Cafe / Brunch,"338 Newbury St, Boston, MA 02115",02115,$$,42.3486,-71.0863,https://www.tridentbookscafe.com/
68,Krasi,Back Bay,Greek,"48 Gloucester St, Boston, MA 02115",02115,$$$,42.3489,-71.0843,https://www.krasiboston.com/
69,Greco,Back Bay,Greek / Gyros,"225 Newbury St, Boston, MA 02116",02116,$,42.3501,-71.0817,https://grecotrulygreek.com/locations/back-bay/
70,Puro Ceviche Bar,Back Bay,Latin American / Ceviche,"264 Newbury St, Boston, MA 02116",02116,$$,42.3492,-71.0831,https://www.opentable.com/r/puro-ceviche-bar-boston
71,Pho Basil,Back Bay,Vietnamese / Thai,"177 Massachusetts Ave, Boston, MA 02115",02115,$$,42.3466,-71.0874,https://order.online/store/pho-basil-restaurant-boston-1873237
72,Douzo,Back Bay,Japanese / Sushi,"131 Dartmouth St, Boston, MA 02116",02116,$$$,42.3469,-71.0758,https://www.yelp.com/biz/douzo-boston
73,Abe & Louie's,Back Bay,Steakhouse,"793 Boylston St, Boston, MA 02116",02116,$$$$,42.3489,-71.0817,https://www.abeandlouies.com/
74,Atlantic Fish Company,Back Bay,Seafood,"761 Boylston St, Boston, MA 02116",02116,$$$,42.3492,-71.0808,https://www.atlanticfish.com/
75,Eataly Boston,Back Bay,Italian / Food hall,"800 Boylston St, Boston, MA 02199",02199,$$,42.3477,-71.082,https://www.eataly.com/us_en/stores/boston
76,UNI,Back Bay,Japanese / Izakaya,"370A Commonwealth Ave, Boston, MA 02215",02215,$$$$,42.3486,-71.0894,https://www.uni-boston.com/
77,Bistro du Midi,Back Bay,French,"272 Boylston St, Boston, MA 02116",02116,$$$,42.3522,-71.0688,https://www.bistrodumidi.com/
78,Sonsie,Back Bay,Italian / American,"327 Newbury St, Boston, MA 02115",02115,$$$,42.3484,-71.086,https://www.sonsieboston.com/
79,Select Oyster Bar,Back Bay,Seafood / Oyster bar,"50 Gloucester St, Boston, MA 02115",02115,$$$,42.349,-71.0841,https://www.selectboston.com/
80,Shake Shack Newbury Street,Back Bay,Burgers,"234 Newbury St, Boston, MA 02116",02116,$,42.3497,-71.0826,https://www.universalhub.com/2026/shake-shack-gets-ok-offer-burgers-until-2-am-downtown-and-back-bay-not
81,Rosa y Marigold,Back Bay,Peruvian,"400 Newbury St, Boston, MA 02115",02115,$$$,42.3483,-71.088,https://www.bostonmagazine.com/restaurants/2026/04/13/rosa-y-marigold-back-bay-peruvian-restaurant/
82,Santouka Back Bay,Back Bay,Japanese / Ramen,"66 Hereford St, Boston, MA 02115",02115,$$,42.3487,-71.0869,https://www.yelp.com/biz/santouka-back-bay-boston-2
83,Bukowski Tavern,Back Bay,Pub / Burgers,"50 Dalton St, Boston, MA 02115",02115,$$,42.3468,-71.0848,https://www.theinfatuation.com/boston/reviews/bukowski-tavern
84,Lolita Back Bay,Back Bay,Mexican,"271 Dartmouth St, Boston, MA 02116",02116,$$$,42.3502,-71.0778,https://www.lolitamexican.com/location/lolita-back-bay/
85,Tatte Bakery & Cafe (Boylston St),Back Bay,Bakery / Cafe,"399 Boylston St, Boston, MA 02116",02116,$,42.3518,-71.0719,https://order.online/store/tatte-bakery-&-cafe-boston-267562/
86,Mumbai Spice,Back Bay,Indian,"251 Massachusetts Ave, Boston, MA 02115",02115,$$,42.3427,-71.0857,https://www.yelp.com/biz/mumbai-spice-boston
87,Sumiao Hunan Kitchen,Kendall Square,Chinese / Hunan,"270 Third St, Cambridge, MA 02142",02142,$$,42.3646,-71.0815,https://www.sumiaohunan.com/
88,Eastern Edge Food Hall,Kendall Square,Food hall,"290 Main St, Cambridge, MA 02142",02142,$$,42.3622,-71.0846,https://www.easternedgefoodhall.com/eat-and-drink
89,Tatte Bakery & Cafe (Third St),Kendall Square,Bakery / Cafe,"318 Third St, Cambridge, MA 02142",02142,$$,42.3655,-71.082,https://directory.yext.com/en/tatte-bakery-cafe-third-st-1724913610
90,Bakey,Kendall Square,Israeli bakery / Cafe,"238 Main St, Cambridge, MA 02142",02142,$,42.3627,-71.0826,https://bakeybabka.com/
91,CAVA,Kendall Square,Mediterranean / Fast casual,"82 Ames St, Cambridge, MA 02142",02142,$,42.3626,-71.088,https://www.ubereats.com/store/cava-kendall-square/PHrggBsBRFOocP8kLyi5bA
92,Fuji at Kendall,Kendall Square,Japanese / Sushi,"300 Third St, Cambridge, MA 02142",02142,$$,42.365,-71.0818,https://toast.app/r/fuji-at-kendall/order
93,Amelia's Trattoria,Kendall Square,Italian,"111 Harvard St, Cambridge, MA 02139",02139,$$,42.3653,-71.0925,https://www.ameliastrattoria.com/
94,Legal Sea Foods,Kendall Square,Seafood,"355 Main St, Cambridge, MA 02142",02142,$$$,42.3628,-71.086,https://www.legalseafoods.com/locations/cambridge-kendall-square/
95,Veggie Galaxy,Central Square,Vegetarian / Diner,"450 Massachusetts Ave, Cambridge, MA 02139",02139,$$,42.3634,-71.0991,https://www.veggiegalaxy.com/
96,Go! Go! Curry!,Central Square,Japanese / Curry,"581 Massachusetts Ave, Cambridge, MA 02139",02139,$,42.3647,-71.101,https://www.ubereats.com/store/go%21-go%21-curry%21-cambridge/hChPy226TL-tZlWUD5SJRA
97,Dumpling House,Mid-Cambridge,Chinese / Dumplings,"950 Massachusetts Ave, Cambridge, MA 02139",02139,$$,42.3696,-71.1104,https://postmates.com/store/dumpling-house-cambridge-ma/8BvIcWdGQnCwGYOIDOJOGg
98,Pepper Sky's Thai Sensation,Central Square,Thai,"20 Pearl St, Cambridge, MA 02139",02139,$$,42.364,-71.102,https://www.pepper-skys.com/
99,Asmara Restaurant,Central Square,Eritrean / Ethiopian,"739 Massachusetts Ave, Cambridge, MA 02139",02139,$$,42.3667,-71.1047,https://cambridgeusa.org/listing/asmara-restaurant
100,Koreana,Central Square,Korean / BBQ,"158 Prospect St, Cambridge, MA 02139",02139,$$$,42.3681,-71.1,https://cambridgeusa.org/listing/koreana-restaurant
101,Shōjō,Central Square,Modern Asian,"425 Massachusetts Ave, Cambridge, MA 02139",02139,$$$,42.363,-71.0985,https://cambridgeusa.org/listing/sh-j
102,Andala Coffee House,Central Square,Middle Eastern / Cafe,"286 Franklin St, Cambridge, MA 02139",02139,$$,42.3626,-71.103,https://cambridgeusa.org/listing/andala-coffee-house
